<?xml version="1.0" encoding="utf-8"?>
<System>
  <P Name="Location">[8, 33, 798, 822]</P>
  <P Name="SystemRect">[0.000000, 0.000000, 0.000000, 0.000000]</P>
  <P Name="Open">on</P>
  <P Name="SetExecutionDomain">off</P>
  <P Name="ExecutionDomainType">Deduce</P>
  <P Name="ZoomFactor">80</P>
  <P Name="ReportName">simulink-default.rpt</P>
  <P Name="SIDHighWatermark">15</P>
  <P Name="SimulinkSubDomain">Simulink</P>
  <Block BlockType="Display" Name="Display" SID="14">
    <P Name="Ports">[1]</P>
    <P Name="Position">[545, -183, 655, -107]</P>
    <P Name="ZOrder">4496</P>
    <P Name="Decimation">1</P>
  </Block>
  <Block BlockType="Display" Name="Display1" SID="15">
    <P Name="Ports">[1]</P>
    <P Name="Position">[545, -93, 655, -27]</P>
    <P Name="ZOrder">4497</P>
    <P Name="Decimation">1</P>
  </Block>
  <Block BlockType="Reference" Name="Ground" SID="3">
    <P Name="Ports">[0, 0, 0, 0, 0, 1]</P>
    <P Name="Position">[69, 150, 91, 175]</P>
    <P Name="ZOrder">14</P>
    <P Name="BlockRotation">270</P>
    <P Name="BlockMirror">on</P>
    <P Name="NameLocation">right</P>
    <P Name="ShowName">off</P>
    <P Name="LibraryVersion">2.0</P>
    <P Name="SourceBlock">spsGroundLib/Ground</P>
    <P Name="SourceType">Ground</P>
    <P Name="SourceProductBaseCode">PS</P>
    <InstanceData>
      <P Name="LConnTagsString">a</P>
    </InstanceData>
  </Block>
  <Block BlockType="Reference" Name="Ground1" SID="11">
    <P Name="Ports">[0, 0, 0, 0, 0, 1]</P>
    <P Name="Position">[579, 190, 601, 215]</P>
    <P Name="ZOrder">1393</P>
    <P Name="BlockRotation">270</P>
    <P Name="BlockMirror">on</P>
    <P Name="NameLocation">right</P>
    <P Name="ShowName">off</P>
    <P Name="LibraryVersion">2.0</P>
    <P Name="SourceBlock">spsGroundLib/Ground</P>
    <P Name="SourceType">Ground</P>
    <P Name="SourceProductBaseCode">PS</P>
    <InstanceData>
      <P Name="LConnTagsString">a</P>
    </InstanceData>
  </Block>
  <Block BlockType="Reference" Name="Power Measurement&#xA;(Three-Phase)" SID="13">
    <P Name="Ports">[2, 2]</P>
    <P Name="Position">[370, -132, 450, -43]</P>
    <P Name="ZOrder">4495</P>
    <P Name="HideAutomaticName">off</P>
    <P Name="LibraryVersion">5.4</P>
    <P Name="SourceBlock">eePowerMeasurement/Power Measurement
(Three-Phase)</P>
    <P Name="SourceType">Power Measurement (Three-Phase)</P>
    <P Name="SourceProductBaseCode">PS</P>
    <InstanceData>
      <P Name="RTWMemSecFuncInitTerm">Inherit from model</P>
      <P Name="RTWMemSecFuncExecute">Inherit from model</P>
      <P Name="RTWMemSecDataConstants">Inherit from model</P>
      <P Name="RTWMemSecDataInternal">Inherit from model</P>
      <P Name="RTWMemSecDataParameters">Inherit from model</P>
      <P Name="LabelModeActiveChoice">Continuous</P>
      <P Name="ContentPreviewEnabled">on</P>
      <P Name="F">50</P>
      <P Name="K">[0 1 2 3]</P>
      <P Name="Seq">Positive</P>
      <P Name="Ts">0</P>
    </InstanceData>
  </Block>
  <Block BlockType="Scope" Name="Scope" SID="10">
    <P Name="Ports">[2]</P>
    <P Name="Position">[595, -14, 625, 19]</P>
    <P Name="ZOrder">1392</P>
    <P Name="ScopeSpecificationString">Simulink.scopes.TimeScopeBlockCfg(&apos;CurrentConfiguration&apos;, extmgr.ConfigurationSet(extmgr.Configuration(&apos;Core&apos;,&apos;General UI&apos;,true),extmgr.Configuration(&apos;Core&apos;,&apos;Source UI&apos;,true),extmgr.Configuration(&apos;Sources&apos;,&apos;WiredSimulink&apos;,true),extmgr.Configuration(&apos;Visuals&apos;,&apos;Time Domain&apos;,true,&apos;SerializedDisplays&apos;,{struct(&apos;MinYLimReal&apos;,&apos;-29.70813&apos;,&apos;MaxYLimReal&apos;,&apos;66.77716&apos;,&apos;YLabelReal&apos;,&apos;&apos;,&apos;MinYLimMag&apos;,&apos;0.00000&apos;,&apos;MaxYLimMag&apos;,&apos;66.77716&apos;,&apos;LegendVisibility&apos;,&apos;off&apos;,&apos;XGrid&apos;,true,&apos;YGrid&apos;,true,&apos;PlotMagPhase&apos;,false,&apos;AxesColor&apos;,[0 0 0],&apos;AxesTickColor&apos;,[0.686274509803922 0.686274509803922 0.686274509803922],&apos;ColorOrder&apos;,[1 1 0.0666666666666667;0.0745098039215686 0.623529411764706 1;1 0.411764705882353 0.16078431372549;0.392156862745098 0.831372549019608 0.0745098039215686;0.717647058823529 0.274509803921569 1;0.0588235294117647 1 1;1 0.0745098039215686 0.650980392156863],&apos;Title&apos;,&apos;%&lt;SignalLabel&gt;&apos;,&apos;LinePropertiesCache&apos;,{{}},&apos;UserDefinedChannelNames&apos;,{{}},&apos;NumLines&apos;,3,&apos;LineNames&apos;,{{&apos;Three-Phase V-I Measurement/signal:1&apos;,&apos;Three-Phase V-I Measurement/signal:2&apos;,&apos;Three-Phase V-I Measurement/signal:3&apos;}},&apos;ShowContent&apos;,true,&apos;Placement&apos;,1),struct(&apos;MinYLimReal&apos;,&apos;-102.06207&apos;,&apos;MaxYLimReal&apos;,&apos;102.06207&apos;,&apos;YLabelReal&apos;,&apos;&apos;,&apos;MinYLimMag&apos;,&apos; 0.00000&apos;,&apos;MaxYLimMag&apos;,&apos;102.06207&apos;,&apos;LegendVisibility&apos;,&apos;off&apos;,&apos;XGrid&apos;,true,&apos;YGrid&apos;,true,&apos;PlotMagPhase&apos;,false,&apos;AxesColor&apos;,[0 0 0],&apos;AxesTickColor&apos;,[0.686274509803922 0.686274509803922 0.686274509803922],&apos;ColorOrder&apos;,[1 1 0.0666666666666667;0.0745098039215686 0.623529411764706 1;1 0.411764705882353 0.16078431372549;0.392156862745098 0.831372549019608 0.0745098039215686;0.717647058823529 0.274509803921569 1;0.0588235294117647 1 1;1 0.0745098039215686 0.650980392156863],&apos;Title&apos;,&apos;%&lt;SignalLabel&gt;&apos;,&apos;LinePropertiesCache&apos;,{{}},&apos;UserDefinedChannelNames&apos;,{{}},&apos;NumLines&apos;,3,&apos;LineNames&apos;,{{&apos;Three-Phase V-I Measurement/signal:1&apos;,&apos;Three-Phase V-I Measurement/signal:2&apos;,&apos;Three-Phase V-I Measurement/signal:3&apos;}},&apos;ShowContent&apos;,true,&apos;Placement&apos;,2)},&apos;DisplayPropertyDefaults&apos;,struct(&apos;YLabelReal&apos;,&apos;&apos;,&apos;LegendVisibility&apos;,&apos;off&apos;,&apos;XGrid&apos;,true,&apos;YGrid&apos;,true,&apos;PlotMagPhase&apos;,false,&apos;AxesColor&apos;,[0 0 0],&apos;AxesTickColor&apos;,[0.686274509803922 0.686274509803922 0.686274509803922],&apos;ColorOrder&apos;,[0.0745098039215686 0.623529411764706 1;1 0.411764705882353 0.16078431372549;1 1 0.0666666666666667;0.717647058823529 0.274509803921569 1;0.392156862745098 0.831372549019608 0.0745098039215686;0.0588235294117647 1 1;1 0.0745098039215686 0.650980392156863]),&apos;DisplayLayoutDimensions&apos;,[2 1]),extmgr.Configuration(&apos;Tools&apos;,&apos;Plot Navigation&apos;,true,&apos;OnceAtStop&apos;,false,&apos;PreviousAutoscale&apos;,&apos;XY&apos;),extmgr.Configuration(&apos;Tools&apos;,&apos;Measurements&apos;,true,&apos;Version&apos;,&apos;2021b&apos;)),&apos;Version&apos;,&apos;2021b&apos;,&apos;Position&apos;,[757 161 560 420])</P>
    <P Name="NumInputPorts">2</P>
    <P Name="Floating">off</P>
  </Block>
  <Block BlockType="Reference" Name="Three-Phase&#xA;Programmable&#xA;Voltage Source" SID="1">
    <P Name="Ports">[0, 0, 0, 0, 0, 1, 3]</P>
    <P Name="Position">[140, 66, 225, 124]</P>
    <P Name="ZOrder">7</P>
    <P Name="LibraryVersion">2.0</P>
    <P Name="SourceBlock">spsThreePhaseProgrammableVoltageSourceLib/Three-Phase
Programmable
Voltage Source</P>
    <P Name="SourceType">Three-Phase Programmable Voltage Source</P>
    <P Name="SourceProductBaseCode">PS</P>
    <InstanceData>
      <P Name="RTWMemSecFuncInitTerm">Inherit from model</P>
      <P Name="RTWMemSecFuncExecute">Inherit from model</P>
      <P Name="RTWMemSecDataConstants">Inherit from model</P>
      <P Name="RTWMemSecDataInternal">Inherit from model</P>
      <P Name="RTWMemSecDataParameters">Inherit from model</P>
      <P Name="ContentPreviewEnabled">on</P>
      <P Name="PositiveSequence">[100  0 50]</P>
      <P Name="VariationEntity">None</P>
      <P Name="VariationType">Table of time-amplitude pairs</P>
      <P Name="VariationTypeAlt">Step</P>
      <P Name="VariationStep">0.5</P>
      <P Name="VariationRate">10</P>
      <P Name="VariationMagnitude">0.3</P>
      <P Name="VariationFrequency">2</P>
      <P Name="VariationTiming">[1 2]</P>
      <P Name="VariationPhaseA">off</P>
      <P Name="Amplitudes">[1 0.8 1.2 1.0]</P>
      <P Name="TimeValues">[0 0.1 0.15 0.2]</P>
      <P Name="HarmonicGeneration">off</P>
      <P Name="HarmonicA">[3 0.2 -25 0]</P>
      <P Name="HarmonicB">[2 0.15 35 2]</P>
      <P Name="Timing">[0.05  3]</P>
      <P Name="BusType">swing</P>
      <P Name="Pref">0</P>
      <P Name="Qref">0</P>
      <P Name="Qmin">-inf</P>
      <P Name="Qmax">inf</P>
    </InstanceData>
  </Block>
  <Block BlockType="Reference" Name="Three-Phase&#xA;Series RLC Branch" SID="4">
    <P Name="Ports">[0, 0, 0, 0, 0, 3, 3]</P>
    <P Name="Position">[425, 87, 495, 133]</P>
    <P Name="ZOrder">1386</P>
    <P Name="AttributesFormatString">\n</P>
    <P Name="LibraryVersion">2.0</P>
    <P Name="SourceBlock">spsThreePhaseSeriesRLCBranchLib/Three-Phase
Series RLC Branch</P>
    <P Name="SourceType">Three-Phase Series RLC Branch</P>
    <P Name="SourceProductBaseCode">PS</P>
    <InstanceData>
      <P Name="LConnTagsString">A|B|C</P>
      <P Name="RConnTagsString">A|B|C</P>
      <P Name="BranchType">R</P>
      <P Name="Resistance">5</P>
      <P Name="Inductance">5e-3</P>
      <P Name="Capacitance">1e-6</P>
      <P Name="Measurements">None</P>
    </InstanceData>
  </Block>
  <Block BlockType="Reference" Name="Three-Phase&#xA;V-I Measurement" SID="5">
    <P Name="Ports">[0, 2, 0, 0, 0, 3, 3]</P>
    <P Name="Position">[265, 42, 315, 118]</P>
    <P Name="ZOrder">1387</P>
    <P Name="LibraryVersion">2.0</P>
    <P Name="SourceBlock">spsThreePhaseVIMeasurementLib/Three-Phase
V-I Measurement</P>
    <P Name="SourceType">Three-Phase VI Measurement</P>
    <P Name="SourceProductBaseCode">PS</P>
    <InstanceData>
      <P Name="RTWMemSecFuncInitTerm">Inherit from model</P>
      <P Name="RTWMemSecFuncExecute">Inherit from model</P>
      <P Name="RTWMemSecDataConstants">Inherit from model</P>
      <P Name="RTWMemSecDataInternal">Inherit from model</P>
      <P Name="RTWMemSecDataParameters">Inherit from model</P>
      <P Name="ContentPreviewEnabled">on</P>
      <P Name="VoltageMeasurement">phase-to-ground</P>
      <P Name="SetLabelV">off</P>
      <P Name="LabelV">Vabc</P>
      <P Name="Vpu">off</P>
      <P Name="VpuLL">off</P>
      <P Name="CurrentMeasurement">yes</P>
      <P Name="SetLabelI">off</P>
      <P Name="LabelI">Iabc</P>
      <P Name="Ipu">off</P>
      <P Name="Pbase">100e6</P>
      <P Name="Vbase">500e3</P>
      <P Name="OutputType">Complex</P>
      <P Name="PhasorSimulation">off</P>
      <P Name="PSBequivalent">0</P>
    </InstanceData>
  </Block>
  <Block BlockType="Reference" Name="powergui" SID="12">
    <P Name="Ports">[]</P>
    <P Name="Position">[-65, -15, 16, 24]</P>
    <P Name="ZOrder">1394</P>
    <P Name="Priority">1</P>
    <P Name="LibraryVersion">8</P>
    <P Name="SourceBlock">spspowerguiLib/powergui</P>
    <P Name="SourceType">PSB option menu block</P>
    <P Name="SourceProductBaseCode">PS</P>
    <InstanceData>
      <P Name="RTWMemSecFuncInitTerm">Inherit from model</P>
      <P Name="RTWMemSecFuncExecute">Inherit from model</P>
      <P Name="RTWMemSecDataConstants">Inherit from model</P>
      <P Name="RTWMemSecDataInternal">Inherit from model</P>
      <P Name="RTWMemSecDataParameters">Inherit from model</P>
      <P Name="ContentPreviewEnabled">on</P>
      <P Name="SimulationMode">Continuous</P>
      <P Name="SampleTime">50e-6</P>
      <P Name="frequency">60</P>
      <P Name="Iterations">50</P>
      <P Name="frequencyindice">50</P>
      <P Name="Pbase">100e6</P>
      <P Name="ErrMax">1e-4</P>
      <P Name="UnitsV">kV</P>
      <P Name="UnitsW">MW</P>
      <P Name="buscounter">0</P>
      <P Name="FunctionMessages">off</P>
      <P Name="echomessages">off</P>
      <P Name="EnableUseOfTLC">off</P>
      <P Name="CurrentSourceSwitches">off</P>
      <P Name="DisableSnubberDevices">off</P>
      <P Name="DisableRonSwitches">off</P>
      <P Name="DisableVfSwitches">off</P>
      <P Name="DisplayEquations">off</P>
      <P Name="AutomaticDiscreteSolvers">off</P>
      <P Name="SolverType">Tustin/Backward Euler (TBE)</P>
      <P Name="Interpol">off</P>
      <P Name="ExternalGateDelay">off</P>
      <P Name="methode">off</P>
      <P Name="Ts">100</P>
      <P Name="x0status">blocks</P>
      <P Name="SPID">on</P>
      <P Name="SwTol">0</P>
      <P Name="HookPort">off</P>
      <P Name="NonlinearTolerance">1e-4</P>
      <P Name="nMaxIteration">100</P>
      <P Name="ContinueOnMaxIteration">off</P>
      <P Name="RestoreLinks">warning</P>
      <P Name="ResistiveCurrentMeasurement">off</P>
      <P Name="Frange">[0:2:500]</P>
      <P Name="Ylog">off</P>
      <P Name="Xlog">on</P>
      <P Name="ShowGrid">off</P>
      <P Name="save">off</P>
      <P Name="variable">ZData</P>
      <P Name="structure">0</P>
      <P Name="ZoomFFT">off</P>
      <P Name="StartTime">0.0</P>
      <P Name="cycles">1</P>
      <P Name="DisplayStyle">1</P>
      <P Name="fundamental">60</P>
      <P Name="FreqAxis">off</P>
      <P Name="MaxFrequency">1000</P>
      <P Name="frequencyindicesteady">1</P>
      <P Name="RmsSteady">1</P>
      <P Name="display">off</P>
    </InstanceData>
  </Block>
  <Line LineType="Connection">
    <P Name="ZOrder">2</P>
    <P Name="Src">3#lconn:1</P>
    <P Name="Points">[0, -40]</P>
    <P Name="Dst">1#lconn:1</P>
  </Line>
  <Line LineType="Connection">
    <P Name="ZOrder">3</P>
    <P Name="Src">1#rconn:3</P>
    <P Name="Points">[5, 0; 0, -10]</P>
    <P Name="Dst">5#lconn:3</P>
  </Line>
  <Line LineType="Connection">
    <P Name="ZOrder">4</P>
    <P Name="Src">1#rconn:2</P>
    <P Name="Points">[5, 0; 0, -15]</P>
    <P Name="Dst">5#lconn:2</P>
  </Line>
  <Line LineType="Connection">
    <P Name="ZOrder">5</P>
    <P Name="Src">1#rconn:1</P>
    <P Name="Points">[5, 0; 0, -20]</P>
    <P Name="Dst">5#lconn:1</P>
  </Line>
  <Line LineType="Connection">
    <P Name="ZOrder">6</P>
    <P Name="Src">5#rconn:1</P>
    <P Name="Points">[38, 0; 0, 15]</P>
    <P Name="Dst">4#lconn:1</P>
  </Line>
  <Line LineType="Connection">
    <P Name="ZOrder">7</P>
    <P Name="Src">5#rconn:2</P>
    <P Name="Points">[12, 0; 0, 15]</P>
    <P Name="Dst">4#lconn:2</P>
  </Line>
  <Line LineType="Connection">
    <P Name="ZOrder">8</P>
    <P Name="Src">5#rconn:3</P>
    <P Name="Points">[0, 15]</P>
    <P Name="Dst">4#lconn:3</P>
  </Line>
  <Line>
    <P Name="ZOrder">12</P>
    <P Name="Src">5#out:1</P>
    <P Name="Points">[8, 0]</P>
    <Branch>
      <P Name="ZOrder">28</P>
      <P Name="Points">[0, -160]</P>
      <P Name="Dst">13#in:1</P>
    </Branch>
    <Branch>
      <P Name="ZOrder">27</P>
      <P Name="Points">[7, 0; 0, -31; 148, 0; 0, -9]</P>
      <P Name="Dst">10#in:2</P>
    </Branch>
  </Line>
  <Line>
    <P Name="ZOrder">11</P>
    <P Name="Src">5#out:2</P>
    <P Name="Points">[20, 0]</P>
    <Branch>
      <P Name="ZOrder">26</P>
      <P Name="Points">[0, -130]</P>
      <P Name="Dst">13#in:2</P>
    </Branch>
    <Branch>
      <P Name="ZOrder">25</P>
      <P Name="Points">[18, 0; 0, -40; 162, 0; 0, -30]</P>
      <P Name="Dst">10#in:1</P>
    </Branch>
  </Line>
  <Line LineType="Connection">
    <P Name="ZOrder">17</P>
    <P Name="Src">4#rconn:3</P>
    <P Name="Points">[22, 0; 0, -15]</P>
    <Branch ConnectType="DEST_DEST">
      <P Name="Src">11#lconn:1</P>
      <P Name="Points">[0, -65; -58, 0]</P>
    </Branch>
    <Branch ConnectType="DEST_DEST">
      <P Name="Src">4#rconn:2</P>
      <P Name="Points">[22, 0]</P>
    </Branch>
    <Branch ConnectType="DEST_SRC">
      <P Name="Points">[0, -15]</P>
      <P Name="Dst">4#rconn:1</P>
    </Branch>
  </Line>
  <Line>
    <P Name="ZOrder">24</P>
    <P Name="Src">13#out:2</P>
    <P Name="Points">[38, 0; 0, 5]</P>
    <P Name="Dst">15#in:1</P>
  </Line>
  <Line>
    <P Name="ZOrder">23</P>
    <P Name="Src">13#out:1</P>
    <P Name="Points">[43, 0; 0, -35]</P>
    <P Name="Dst">14#in:1</P>
  </Line>
</System>
