<?xml version="1.0" encoding="utf-8"?>
<GraphicalInterface>
  <P Name="NumRootInports">0</P>
  <P Name="NumRootOutports">0</P>
  <P Name="ParameterArgumentNames"/>
  <P Name="NumModelReferences">0</P>
  <P Name="NumTestPointedSignals">0</P>
  <P Name="NumProvidedFunctions">0</P>
  <P Name="NumRequiredFunctions">0</P>
  <P Name="NumResetEvents">0</P>
  <P Name="HasInitializeEvent">0</P>
  <P Name="HasTerminateEvent">0</P>
  <P Name="PreCompExecutionDomainType">Unset</P>
  <P Name="IsExportFunctionModel">0</P>
  <P Name="SimulinkSubDomainType">Simulink</P>
  <P Name="NumParameterArguments">0</P>
  <P Name="NumExternalFileReferences">7</P>
  <ExternalFileReference>
    <P Name="Reference">spsGroundLib/Ground</P>
    <P Name="Path">$bdroot/Ground</P>
    <P Name="SID">3</P>
    <P Name="Type">LIBRARY_BLOCK</P>
  </ExternalFileReference>
  <ExternalFileReference>
    <P Name="Reference">spsGroundLib/Ground</P>
    <P Name="Path">$bdroot/Ground1</P>
    <P Name="SID">11</P>
    <P Name="Type">LIBRARY_BLOCK</P>
  </ExternalFileReference>
  <ExternalFileReference>
    <P Name="Reference">eePowerMeasurement/Power Measurement
(Three-Phase)</P>
    <P Name="Path">$bdroot/Power Measurement (Three-Phase)</P>
    <P Name="SID">13</P>
    <P Name="Type">LIBRARY_BLOCK</P>
  </ExternalFileReference>
  <ExternalFileReference>
    <P Name="Reference">spsThreePhaseProgrammableVoltageSourceLib/Three-Phase
Programmable
Voltage Source</P>
    <P Name="Path">$bdroot/Three-Phase Programmable Voltage Source</P>
    <P Name="SID">1</P>
    <P Name="Type">LIBRARY_BLOCK</P>
  </ExternalFileReference>
  <ExternalFileReference>
    <P Name="Reference">spsThreePhaseSeriesRLCBranchLib/Three-Phase
Series RLC Branch</P>
    <P Name="Path">$bdroot/Three-Phase Series RLC Branch</P>
    <P Name="SID">4</P>
    <P Name="Type">LIBRARY_BLOCK</P>
  </ExternalFileReference>
  <ExternalFileReference>
    <P Name="Reference">spsThreePhaseVIMeasurementLib/Three-Phase
V-I Measurement</P>
    <P Name="Path">$bdroot/Three-Phase V-I Measurement</P>
    <P Name="SID">5</P>
    <P Name="Type">LIBRARY_BLOCK</P>
  </ExternalFileReference>
  <ExternalFileReference>
    <P Name="Reference">spspowerguiLib/powergui</P>
    <P Name="Path">$bdroot/powergui</P>
    <P Name="SID">12</P>
    <P Name="Type">LIBRARY_BLOCK</P>
  </ExternalFileReference>
  <P Name="OrderedModelArguments">1</P>
</GraphicalInterface>
