<?xml version="1.0" encoding="UTF-8"?>
<sltp_graph version="1.1" packageUris="http://schema.mathworks.com/mf0/sltp_mm/R2021b_202106150630">
  <sltp.mm.core.Context type="sltp.mm.core.Context" uuid="685d4d9e-38c5-4421-ba66-99e85081bce5">
    <priorityDirection>HighNumberLast</priorityDirection>
    <editorState type="sltp.mm.core.EditorState" uuid="a3c4ec6a-7855-463f-baf4-fe367fe33e4d">
      <isSynchronized>true</isSynchronized>
      <panelState type="sltp.mm.core.EditorPanelState" uuid="edf6590e-e711-4558-8d24-67e4e3cfa886"/>
    </editorState>
    <rootTask type="sltp.mm.core.Task" uuid="974d0e33-0790-4a42-bfa7-099fca0ba414">
      <context type="sltp.mm.core.Context" uuid="685d4d9e-38c5-4421-ba66-99e85081bce5"/>
      <explicit>false</explicit>
      <name>Default</name>
      <priority>-2147483648</priority>
      <subgraph type="sltp.mm.core.Graph" uuid="49a30b52-c42e-4162-8202-ae7a01c7e298">
        <tasks type="sltp.mm.core.Task" uuid="795ad476-f162-4bd6-b6c7-9f0a56fe3601">
          <baseTask>true</baseTask>
          <context type="sltp.mm.core.Context" uuid="685d4d9e-38c5-4421-ba66-99e85081bce5"/>
          <explicit>false</explicit>
          <id>1</id>
          <isTimed>true</isTimed>
          <name>Cont</name>
          <priority>40</priority>
          <rates type="sltp.mm.core.Rate" uuid="b8af2d8c-92c1-4fee-8857-62df366f410a">
            <annotation>Cont</annotation>
            <color>255</color>
            <hasBlocks>true</hasBlocks>
            <identifier>Continuous00</identifier>
            <rateSpec type="sltp.mm.core.RateSpec">
              <period>0.0</period>
            </rateSpec>
            <sti>0</sti>
          </rates>
          <rates type="sltp.mm.core.Rate" uuid="d3305926-3f9c-4ca7-89f1-30a54a38e2f8">
            <annotation>FiM</annotation>
            <color>-2139062017</color>
            <hasBlocks>true</hasBlocks>
            <rateSpec type="sltp.mm.core.RateSpec">
              <offset>1.0</offset>
              <period>0.0</period>
            </rateSpec>
            <sti>1</sti>
          </rates>
        </tasks>
      </subgraph>
    </rootTask>
  </sltp.mm.core.Context>
</sltp_graph>